{
    "properties": [
      {
        "id": 120,
        "creationUser": null,
        "creationDate": null,
        "lastModifiedUser": null,
        "lastModifiedDate": null,
        "attributeName": " division_subdivision ",
        "attributeDisplayName": " Division / Subdivision",
        "attributeType": "HEADER",
        "attributeGroup": null,
        "attributeLookupList": null,
        "required": false
      },
      {
        "id": 121,
        "creationUser": null,
        "creationDate": null,
        "lastModifiedUser": null,
        "lastModifiedDate": null,
        "attributeName": "marketName",
        "attributeDisplayName": "Go To Market Name",
        "attributeType": "HEADER",
        "attributeGroup": null,
        "attributeLookupList": null,
        "required": false
      },
      {
        "id": 122,
        "creationUser": null,
        "creationDate": null,
        "lastModifiedUser": null,
        "lastModifiedDate": null,
        "attributeName": "delete",
        "attributeDisplayName": "Delete",
        "attributeType": "HEADER",
        "attributeGroup": null,
        "attributeLookupList": null,
        "required": false
      }
    ],
    "values": [
      {
        "id": 85,
        "creationUser": null,
        "creationDate": null,
        "lastModifiedUser": null,
        "lastModifiedDate": null,
        "name": "18580 South East Asia Insurance (B) Sdn",
        "activeInd": true,
        "internalInd": true,
        "marketName": "swiss re Market9",
        "parentCompany": null,
        "subDivisions": [
          {
            "id": 64,
            "creationUser": null,
            "creationDate": null,
            "lastModifiedUser": null,
            "lastModifiedDate": null,
            "name": "ACE Bermuda Insurance Limited",
            "activeInd": false,
            "internalInd": true,
            "marketName": "swiss re Market7",
            "parentCompany": {
              "id": 85,
              "creationUser": null,
              "creationDate": null,
              "lastModifiedUser": null,
              "lastModifiedDate": null,
              "name": "18580 South East Asia Insurance (B) Sdn",
              "activeInd": true,
              "internalInd": true,
              "marketName": "swiss re Market9",
              "parentCompany": null,
              "subDivisions": null,
              "businessTeams": null,
              "users": null
            },
            "subDivisions": null,
            "businessTeams": null,
            "users": null
          },
          {
            "id": 81,
            "creationUser": null,
            "creationDate": null,
            "lastModifiedUser": null,
            "lastModifiedDate": null,
            "name": "99999_HSBC_Insurance (Singapore) ltd.,",
            "activeInd": false,
            "internalInd": true,
            "marketName": "swiss re Market3",
            "parentCompany": {
              "id": 85,
              "creationUser": null,
              "creationDate": null,
              "lastModifiedUser": null,
              "lastModifiedDate": null,
              "name": "18580 South East Asia Insurance (B) Sdn",
              "activeInd": true,
              "internalInd": true,
              "marketName": "swiss re Market9",
              "parentCompany": null,
              "subDivisions": null,
              "businessTeams": null,
              "users": null
            },
            "subDivisions": null,
            "businessTeams": null,
            "users": null
          },
          {
            "id": 63,
            "creationUser": null,
            "creationDate": null,
            "lastModifiedUser": null,
            "lastModifiedDate": null,
            "name": "ICICI Lombard General Insurance Company",
            "activeInd": false,
            "internalInd": true,
            "marketName": "swiss re Market2",
            "parentCompany": {
              "id": 85,
              "creationUser": null,
              "creationDate": null,
              "lastModifiedUser": null,
              "lastModifiedDate": null,
              "name": "18580 South East Asia Insurance (B) Sdn",
              "activeInd": true,
              "internalInd": true,
              "marketName": "swiss re Market9",
              "parentCompany": null,
              "subDivisions": null,
              "businessTeams": null,
              "users": null
            },
            "subDivisions": null,
            "businessTeams": null,
            "users": null
          }
        ],
        "businessTeams": null,
        "users": null
      }
    ]
  }
  