{
  "properties": [
    {
      "id": 115,
      "creationUser": null,
      "creationDate": null,
      "lastModifiedUser": null,
      "lastModifiedDate": null,
      "attributeName": "teamName",
      "attributeDisplayName": "Group Name",
      "attributeType": "HEADER",
      "attributeGroup": null,
      "attributeLookupList": null,
      "required": false
    },
    {
      "id": 116,
      "creationUser": null,
      "creationDate": null,
      "lastModifiedUser": null,
      "lastModifiedDate": null,
      "attributeName": "teamDesc",
      "attributeDisplayName": "Description",
      "attributeType": "HEADER",
      "attributeGroup": null,
      "attributeLookupList": null,
      "required": false
    },
    {
      "id": 117,
      "creationUser": null,
      "creationDate": null,
      "lastModifiedUser": null,
      "lastModifiedDate": null,
      "attributeName": "defaultInd",
      "attributeDisplayName": "Default\nCustom\nDeal Team",
      "attributeType": "HEADER",
      "attributeGroup": null,
      "attributeLookupList": null,
      "required": false
    }
  ],
  "values": [
    [
      {
        "id": 8,
        "teamName": "Team3",
        "inactiveInd": true,
        "defaultInd": false,
        "teamDesc": null,
        "teamMembers": null
      }
    ]
  ]
}
