{
    "sections": [
      {
        "id": 0,
        "creationUser": null,
        "creationDate": null,
        "lastModifiedUser": null,
        "lastModifiedDate": null,
        "sectionName": "Business Profile Information",
        "attributeList": [
          {
          "id": 23,
          "creationUser": null,
          "creationDate": null,
          "lastModifiedUser": null,
          "lastModifiedDate": null,
          "attributeName": "companyName",
          "attributeDisplayName": "Division Name",
          "attributeType": "LISTBOX",
          "attributeGroup": null,
          "attributeLookupList": null,
          "required": true
        },
        {
          "id": 24,
          "creationUser": null,
          "creationDate": null,
          "lastModifiedUser": null,
          "lastModifiedDate": null,
          "attributeName": "companyDesc",
          "attributeDisplayName": "Description",
          "attributeType": "TEXTBOX",
          "attributeGroup": null,
          "attributeLookupList": null,
          "required": true
        },
        {
          "id": 25,
          "creationUser": null,
          "creationDate": null,
          "lastModifiedUser": null,
          "lastModifiedDate": null,
          "attributeName": "marketName",
          "attributeDisplayName": "Go To Market Name",
          "attributeType": "TEXTBOX",
          "attributeGroup": null,
          "attributeLookupList": null,
          "required": true
        },
        {
          "id": 26,
          "creationUser": null,
          "creationDate": null,
          "lastModifiedUser": null,
          "lastModifiedDate": null,
          "attributeName": "internalInd",
          "attributeDisplayName": "Internal Company",
          "attributeType": "CHECKBOX",
          "attributeGroup": null,
          "attributeLookupList": null,
          "required": true
        },
        {
          "id": 27,
          "creationUser": null,
          "creationDate": null,
          "lastModifiedUser": null,
          "lastModifiedDate": null,
          "attributeName": "activeInd",
          "attributeDisplayName": "Inactive",
          "attributeType": "CHECKBOX",
          "attributeGroup": null,
          "attributeLookupList": null,
          "required": true
        }
       ],
        "attributeGroupList": []
      },    {
      "id": 0,
      "creationUser": null,
      "creationDate": null,
      "lastModifiedUser": null,
      "lastModifiedDate": null,
      "sectionName": "Deal Visibility",
      "attributeList": [],
      "attributeGroupList": [
        {
          "id": 118,
          "creationUser": null,
          "creationDate": null,
          "lastModifiedUser": null,
          "lastModifiedDate": null,
          "attributeGroupName": "Authority Level",
          "attributes": null,
          "parentAttributes": null,
          "subAttributes": [
            {
              "id": 122,
              "creationUser": null,
              "creationDate": null,
              "lastModifiedUser": null,
              "lastModifiedDate": null,
              "attributeGroupName": "All users within the RLM Unit division ",
              "attributes": [
                {
                  "id": 34,
                  "creationUser": null,
                  "creationDate": null,
                  "lastModifiedUser": null,
                  "lastModifiedDate": null,
                  "attributeName": "view",
                  "attributeDisplayName": "View",
                  "attributeType": "CHECKBOX",
                  "value": null,
                  "attributeGroup": null,
                  "attributeLookupList": null,
                  "required": false
                },
                {
                  "id": 35,
                  "creationUser": null,
                  "creationDate": null,
                  "lastModifiedUser": null,
                  "lastModifiedDate": null,
                  "attributeName": "modify",
                  "attributeDisplayName": "Modify",
                  "attributeType": "CHECKBOX",
                  "value": null,
                  "attributeGroup": null,
                  "attributeLookupList": null,
                  "required": false
                }
              ],
              "parentAttributes": null,
              "subAttributes": null
            },
            {
              "id": 123,
              "creationUser": null,
              "creationDate": null,
              "lastModifiedUser": null,
              "lastModifiedDate": null,
              "attributeGroupName": "RLM Unit managers only",
              "attributes": [
                {
                  "id": 36,
                  "creationUser": null,
                  "creationDate": null,
                  "lastModifiedUser": null,
                  "lastModifiedDate": null,
                  "attributeName": "view",
                  "attributeDisplayName": "View",
                  "attributeType": "CHECKBOX",
                  "value": null,
                  "attributeGroup": null,
                  "attributeLookupList": null,
                  "required": false
                },
                {
                  "id": 37,
                  "creationUser": null,
                  "creationDate": null,
                  "lastModifiedUser": null,
                  "lastModifiedDate": null,
                  "attributeName": "modify",
                  "attributeDisplayName": "Modify",
                  "attributeType": "CHECKBOX",
                  "value": null,
                  "attributeGroup": null,
                  "attributeLookupList": null,
                  "required": false
                }
              ],
              "parentAttributes": null,
              "subAttributes": null
            },
            {
              "id": 124,
              "creationUser": null,
              "creationDate": null,
              "lastModifiedUser": null,
              "lastModifiedDate": null,
              "attributeGroupName": "RLM Unit admin only",
              "attributes": [
                {
                  "id": 38,
                  "creationUser": null,
                  "creationDate": null,
                  "lastModifiedUser": null,
                  "lastModifiedDate": null,
                  "attributeName": "view",
                  "attributeDisplayName": "View",
                  "attributeType": "CHECKBOX",
                  "value": null,
                  "attributeGroup": null,
                  "attributeLookupList": null,
                  "required": false
                },
                {
                  "id": 39,
                  "creationUser": null,
                  "creationDate": null,
                  "lastModifiedUser": null,
                  "lastModifiedDate": null,
                  "attributeName": "modify",
                  "attributeDisplayName": "Modify",
                  "attributeType": "CHECKBOX",
                  "value": null,
                  "attributeGroup": null,
                  "attributeLookupList": null,
                  "required": false
                }
              ],
              "parentAttributes": null,
              "subAttributes": null
            }
          ]
        }
      ]
    },

      {
        "id": 0,
        "creationUser": null,
        "creationDate": null,
        "lastModifiedUser": null,
        "lastModifiedDate": null,
        "sectionName": "Data Management",
        "attributeList": [
          {
            "id": 31,
            "creationUser": null,
            "creationDate": null,
            "lastModifiedUser": null,
            "lastModifiedDate": null,
            "attributeName": "profileFields",
            "attributeDisplayName": "Profile Fields",
            "attributeType": "TEXT",
            "value": null,
            "attributeGroup": null,
            "attributeLookupList": null,
            "required": false
          },
          {
            "id": 32,
            "creationUser": null,
            "creationDate": null,
            "lastModifiedUser": null,
            "lastModifiedDate": null,
            "attributeName": "profileLayout",
            "attributeDisplayName": "Profile Layout",
            "attributeType": "TEXT",
            "value": null,
            "attributeGroup": null,
            "attributeLookupList": null,
            "required": false
          },
          {
            "id": 33,
            "creationUser": null,
            "creationDate": null,
            "lastModifiedUser": null,
            "lastModifiedDate": null,
            "attributeName": "dataSources",
            "attributeDisplayName": "Data Sources",
            "attributeType": "TEXT",
            "value": null,
            "attributeGroup": null,
            "attributeLookupList": null,
            "required": false
          }
        ],
        "attributeGroupList": []
      }
    ],
    "values": [
      {
      "id": 81,
      "creationUser": null,
      "creationDate": null,
      "lastModifiedUser": null,
      "lastModifiedDate": null,
      "name": "99999_HSBC_Insurance (Singapore) ltd.,",
      "activeInd": false,
      "internalInd": true,
      "marketName": "swiss re Market3",
      "parentCompany": null,
      "subDivisions": null,
      "businessTeams": null,
      "users": null
    },
    {
      "id": 1,
      "creationUser": null,
      "creationDate": null,
      "lastModifiedUser": null,
      "lastModifiedDate": null,
      "name": "Yenna dasfsdfsdfsdfsdfsd updated today in cloud",
      "activeInd": false,
      "internalInd": true,
      "marketName": "Yenna Market Name",
      "parentCompany": null,
      "subDivisions": null,
      "businessTeams": null,
      "users": null
    },
    {
      "id": 63,
      "creationUser": null,
      "creationDate": null,
      "lastModifiedUser": null,
      "lastModifiedDate": null,
      "name": "ICICI Lombard General Insurance Company",
      "activeInd": false,
      "internalInd": true,
      "marketName": "swiss re Market2",
      "parentCompany": null,
      "subDivisions": null,
      "businessTeams": null,
      "users": null
    },
    {
      "id": 61,
      "creationUser": null,
      "creationDate": null,
      "lastModifiedUser": null,
      "lastModifiedDate": null,
      "name": "SwissRe Insurance pvt ltd",
      "activeInd": false,
      "internalInd": true,
      "marketName": "SwissRe Insurance",
      "parentCompany": null,
      "subDivisions": null,
      "businessTeams": null,
      "users": null
    },
    {
      "id": 3,
      "creationUser": null,
      "creationDate": null,
      "lastModifiedUser": null,
      "lastModifiedDate": null,
      "name": "RLM Unit",
      "activeInd": true,
      "internalInd": true,
      "marketName": "Market1",
      "parentCompany": null,
      "subDivisions": null,
      "businessTeams": null,
      "users": null
    },
    {
      "id": 82,
      "creationUser": null,
      "creationDate": null,
      "lastModifiedUser": null,
      "lastModifiedDate": null,
      "name": "111856 ING General Insurance Internation",
      "activeInd": false,
      "internalInd": true,
      "marketName": "swiss re Market5",
      "parentCompany": null,
      "subDivisions": null,
      "businessTeams": null,
      "users": null
    }
    ]
  }
  