{
    "properties": [
      {
        "attributeName": "companyName",
        "attributeType": "LISTBOX",
        "required": true,
        "attributeDisplayName": "Available Companies",
        "id": 22
      }
    ],
    "values": [
      {
        "name": "Swiss Re Insurance",
        "id": 145,
        "activeInd": false,
        "internalInd": false,
        "marketName": "Swiss Re Insurance"
      },
      {
        "name": "Swiss Re test 113",
        "id": 275,
        "activeInd": false,
        "internalInd": false,
        "marketName": "Swiss Re test 113"
      },
      {
        "name": "Swiss Re test 114",
        "id": 277,
        "activeInd": false,
        "internalInd": false,
        "marketName": "Swiss Re test 114"
      },
      {
        "name": "sudhakar 111",
        "id": 280,
        "activeInd": false,
        "internalInd": false,
        "marketName": "sudhakar swessre"
      }
    ]
  }
  