{
    "properties":
    [{
    "id": 1,
    "creationUser": null,
    "creationDate": null,
    "lastModifiedUser": null,
    "lastModifiedDate": null,
    "attributeName": "companyName",
    "attributeDisplayName": "Company Name",
    "attributeType": "TEXTBOX",
    "attributeGroup": {
                    "id": 111,
                    "creationUser": null,
                    "creationDate": null,
                    "lastModifiedUser": null,
                    "lastModifiedDate": null,
                    "attributeGroupName": "Company"
    },
    "required": false
}, {
    "id": 2,
    "creationUser": null,
    "creationDate": null,
    "lastModifiedUser": null,
    "lastModifiedDate": null,
    "attributeName": "companyDesc",
    "attributeDisplayName": "Company Description",
    "attributeType": "TEXTBOX",
    "attributeGroup": {
                    "id": 111,
                    "creationUser": null,
                    "creationDate": null,
                    "lastModifiedUser": null,
                    "lastModifiedDate": null,
                    "attributeGroupName": "Company"
    },
    "required": false
}, {
    "id": 3,
    "creationUser": null,
    "creationDate": null,
    "lastModifiedUser": null,
    "lastModifiedDate": null,
    "attributeName": "marketName",
    "attributeDisplayName": "Market Name",
    "attributeType": "TEXTBOX",
    "attributeGroup": {
                    "id": 111,
                    "creationUser": null,
                    "creationDate": null,
                    "lastModifiedUser": null,
                    "lastModifiedDate": null,
                    "attributeGroupName": "Company"
    },
    "required": true
}, {
    "id": 4,
    "creationUser": null,
    "creationDate": null,
    "lastModifiedUser": null,
    "lastModifiedDate": null,
    "attributeName": "internalInd",
    "attributeDisplayName": "Internal Company",
    "attributeType": "CHECKBOX",
    "attributeGroup": {
                    "id": 111,
                    "creationUser": null,
                    "creationDate": null,
                    "lastModifiedUser": null,
                    "lastModifiedDate": null,
                    "attributeGroupName": "Company"
    },
    "required": false
}, {
    "id": 5,
    "creationUser": null,
    "creationDate": null,
    "lastModifiedUser": null,
    "lastModifiedDate": null,
    "attributeName": "activeInd",
    "attributeDisplayName": "Inactive",
    "attributeType": "CHECKBOX",
    "attributeGroup": {
                    "id": 111,
                    "creationUser": null,
                    "creationDate": null,
                    "lastModifiedUser": null,
                    "lastModifiedDate": null,
                    "attributeGroupName": "Company"
    },
    "required": false
}]

}
