{
  "sections": [
    {
      "id": 0,
      "creationUser": null,
      "creationDate": null,
      "lastModifiedUser": null,
      "lastModifiedDate": null,
      "sectionName": "Create Deal",
      "attributeList": [],
      "attributeGroupList": [
        {
          "id": 159,
          "creationUser": null,
          "creationDate": null,
          "lastModifiedUser": null,
          "lastModifiedDate": null,
          "attributeGroupName": "CreateDeal",
          "attributes": [],
          "parentAttributes": null,
          "subAttributes": [
            {
              "id": 160,
              "creationUser": null,
              "creationDate": null,
              "lastModifiedUser": null,
              "lastModifiedDate": null,
              "attributeGroupName": "Search Companies",
              "attributes": [
                {
                  "id": 150,
                  "creationUser": null,
                  "creationDate": null,
                  "lastModifiedUser": null,
                  "lastModifiedDate": null,
                  "attributeName": "searchType",
                  "attributeDisplayName": "Search Type",
                  "attributeType": "RADIOBOX",
                  "attributeGroup": null,
                  "attributeLookupList": null,
                  "required": false
                },
                {
                  "id": 151,
                  "creationUser": null,
                  "creationDate": null,
                  "lastModifiedUser": null,
                  "lastModifiedDate": null,
                  "attributeName": "searchCompany",
                  "attributeDisplayName": "Search",
                  "attributeType": "TEXTBOX",
                  "attributeGroup": null,
                  "attributeLookupList": null,
                  "required": false
                },
                {
                  "id": 152,
                  "creationUser": null,
                  "creationDate": null,
                  "lastModifiedUser": null,
                  "lastModifiedDate": null,
                  "attributeName": "searchButton",
                  "attributeDisplayName": "SEARCH",
                  "attributeType": "BUTTON",
                  "attributeGroup": null,
                  "attributeLookupList": null,
                  "required": false
                }
              ],
              "parentAttributes": null,
              "subAttributes": []
            },
            {
              "id": 161,
              "creationUser": null,
              "creationDate": null,
              "lastModifiedUser": null,
              "lastModifiedDate": null,
              "attributeGroupName": "Company Data",
              "attributes": [
                {
                  "id": 153,
                  "creationUser": null,
                  "creationDate": null,
                  "lastModifiedUser": null,
                  "lastModifiedDate": null,
                  "attributeName": "companyName",
                  "attributeDisplayName": "Company Name",
                  "attributeType": "LISTBOX",
                  "attributeGroup": null,
                  "attributeLookupList": null,
                  "required": false
                },
                {
                  "id": 154,
                  "creationUser": null,
                  "creationDate": null,
                  "lastModifiedUser": null,
                  "lastModifiedDate": null,
                  "attributeName": "newCompany",
                  "attributeDisplayName": "NEW COMPANY",
                  "attributeType": "BUTTON",
                  "attributeGroup": null,
                  "attributeLookupList": null,
                  "required": false
                },
                {
                  "id": 155,
                  "creationUser": null,
                  "creationDate": null,
                  "lastModifiedUser": null,
                  "lastModifiedDate": null,
                  "attributeName": "division",
                  "attributeDisplayName": "Division",
                  "attributeType": "LISTBOX",
                  "attributeGroup": null,
                  "attributeLookupList": null,
                  "required": false
                },
                {
                  "id": 156,
                  "creationUser": null,
                  "creationDate": null,
                  "lastModifiedUser": null,
                  "lastModifiedDate": null,
                  "attributeName": "dealName",
                  "attributeDisplayName": "Deal Name",
                  "attributeType": "TEXTBOX",
                  "attributeGroup": null,
                  "attributeLookupList": null,
                  "required": false
                },
                {
                  "id": 157,
                  "creationUser": null,
                  "creationDate": null,
                  "lastModifiedUser": null,
                  "lastModifiedDate": null,
                  "attributeName": "dealType",
                  "attributeDisplayName": "Deal Type",
                  "attributeType": "LISTBOX",
                  "attributeGroup": null,
                  "attributeLookupList": null,
                  "required": false
                },
                {
                  "id": 158,
                  "creationUser": null,
                  "creationDate": null,
                  "lastModifiedUser": null,
                  "lastModifiedDate": null,
                  "attributeName": "taskTemplate",
                  "attributeDisplayName": "Task Template",
                  "attributeType": "LISTBOX",
                  "attributeGroup": null,
                  "attributeLookupList": null,
                  "required": false
                },
                {
                  "id": 159,
                  "creationUser": null,
                  "creationDate": null,
                  "lastModifiedUser": null,
                  "lastModifiedDate": null,
                  "attributeName": "libraryTemplate",
                  "attributeDisplayName": "Library Template",
                  "attributeType": "LISTBOX",
                  "attributeGroup": null,
                  "attributeLookupList": null,
                  "required": false
                }
              ],
              "parentAttributes": null,
              "subAttributes": []
            }
          ]
        }
      ]
    }
  ],
  "values": [
    {
      "division": [
        {
          "id": 253,
          "creationUser": null,
          "creationDate": null,
          "lastModifiedUser": null,
          "lastModifiedDate": null,
          "name": "againFrmCreateDeal",
          "activeInd": false,
          "internalInd": true,
          "marketName": "hwz this dabba",
          "parentCompany": null,
          "subDivisions": null,
          "businessTeams": null,
          "users": null
        },
        {
          "id": 232,
          "creationUser": null,
          "creationDate": null,
          "lastModifiedUser": null,
          "lastModifiedDate": null,
          "name": "dfgfdgdfgdfgdfgdfgf",
          "activeInd": true,
          "internalInd": true,
          "marketName": "Updated",
          "parentCompany": null,
          "subDivisions": null,
          "businessTeams": null,
          "users": null
        },
        {
          "id": 255,
          "creationUser": null,
          "creationDate": null,
          "lastModifiedUser": null,
          "lastModifiedDate": null,
          "name": "chandu3245",
          "activeInd": false,
          "internalInd": true,
          "marketName": "I dont KNow",
          "parentCompany": null,
          "subDivisions": null,
          "businessTeams": null,
          "users": null
        },
        {
          "id": 223,
          "creationUser": null,
          "creationDate": null,
          "lastModifiedUser": null,
          "lastModifiedDate": null,
          "name": "swissrecompany1s",
          "activeInd": true,
          "internalInd": true,
          "marketName": "swissremarket1",
          "parentCompany": null,
          "subDivisions": null,
          "businessTeams": null,
          "users": null
        },
        {
          "id": 225,
          "creationUser": null,
          "creationDate": null,
          "lastModifiedUser": null,
          "lastModifiedDate": null,
          "name": "ACE Bermuda Insurance Limited",
          "activeInd": false,
          "internalInd": true,
          "marketName": "swiss re Market7 updated",
          "parentCompany": null,
          "subDivisions": null,
          "businessTeams": null,
          "users": null
        },
        {
          "id": 246,
          "creationUser": null,
          "creationDate": null,
          "lastModifiedUser": null,
          "lastModifiedDate": null,
          "name": "dfds",
          "activeInd": false,
          "internalInd": true,
          "marketName": "sdfsdf",
          "parentCompany": null,
          "subDivisions": null,
          "businessTeams": null,
          "users": null
        },
        {
          "id": 231,
          "creationUser": null,
          "creationDate": null,
          "lastModifiedUser": null,
          "lastModifiedDate": null,
          "name": "Market value",
          "activeInd": true,
          "internalInd": true,
          "marketName": "vcvcxUpdate",
          "parentCompany": null,
          "subDivisions": null,
          "businessTeams": null,
          "users": null
        },
        {
          "id": 254,
          "creationUser": null,
          "creationDate": null,
          "lastModifiedUser": null,
          "lastModifiedDate": null,
          "name": "dsdf",
          "activeInd": false,
          "internalInd": true,
          "marketName": "sdfsdf",
          "parentCompany": null,
          "subDivisions": null,
          "businessTeams": null,
          "users": null
        },
        {
          "id": 261,
          "creationUser": null,
          "creationDate": null,
          "lastModifiedUser": null,
          "lastModifiedDate": null,
          "name": "Capgemini emp",
          "activeInd": false,
          "internalInd": true,
          "marketName": "1234",
          "parentCompany": null,
          "subDivisions": null,
          "businessTeams": null,
          "users": null
        },
        {
          "id": 267,
          "creationUser": null,
          "creationDate": null,
          "lastModifiedUser": null,
          "lastModifiedDate": null,
          "name": "Capgemini emp1233",
          "activeInd": false,
          "internalInd": true,
          "marketName": "1112",
          "parentCompany": null,
          "subDivisions": null,
          "businessTeams": null,
          "users": null
        }
      ],
      "dealType": [
        "ACCOUNT_MANAGEMENT",
        "COMMUNICATION",
        "DISPOSITION",
        "EXTERNAL_ROUNDOFF",
        "IP_SERVICES",
        "NOVATION"
      ],
      "taskTemplate": [],
      "libraryTemplate": [],
      "searchType": [
        "BEGINSWITH",
        "CONTAINS"
      ]
    }
  ]
}