{  
  "sections":[  
   
     {  
        "id":0,
        "creationUser":null,
        "creationDate":null,
        "lastModifiedUser":null,
        "lastModifiedDate":null,
        "sectionName":"Task Notifications",
        "attributeList":[  
           {  
              "id":11,
              "creationUser":null,
              "creationDate":null,
              "lastModifiedUser":null,
              "lastModifiedDate":null,
              "attributeName":"taskNotifyByMail",
              "attributeDisplayName":"Send My Task Notifications to me through email",
              "attributeType":"RADIOBOX",
              "attributeGroup":null,
              "attributeLookupList":null,
              "required":true
           }
        ],
        "attributeGroupList":[  
           {  
              "id":115,
              "creationUser":null,
              "creationDate":null,
              "lastModifiedUser":null,
              "lastModifiedDate":null,
              "attributeGroupName":"Send Task Reminders on Tasks that I am assigned",
              "attributes":[  
                 {  
                    "id":17,
                    "creationUser":null,
                    "creationDate":null,
                    "lastModifiedUser":null,
                    "lastModifiedDate":null,
                    "attributeName":"taskNotifyBeforeNoDays",
                    "attributeDisplayName":"Send first Notice day(s) before a task is due",
                    "attributeType":"RADIOBOX",
                    "attributeGroup":null,
                    "attributeLookupList":null,
                    "required":true
                 },
                 {  
                    "id":18,
                    "creationUser":null,
                    "creationDate":null,
                    "lastModifiedUser":null,
                    "lastModifiedDate":null,
                    "attributeName":"taskFollowupFrequency",
                    "attributeDisplayName":"Send follow-up reminders until the task is complete",
                    "attributeType":"RADIOBOX",
                    "attributeGroup":null,
                    "attributeLookupList":null,
                    "required":true
                 }
              ],
              "parentAttributes":null,
              "subAttributes":null
           },
           {  
              "id":113,
              "creationUser":null,
              "creationDate":null,
              "lastModifiedUser":null,
              "lastModifiedDate":null,
              "attributeGroupName":"Settings for Tasks that I assign to others:",
              "attributes":[  
                 {  
                    "id":12,
                    "creationUser":null,
                    "creationDate":null,
                    "lastModifiedUser":null,
                    "lastModifiedDate":null,
                    "attributeName":"taskOverdue",
                    "attributeDisplayName":"Notify me when a Task is Overdue",
                    "attributeType":"RADIOBOX",
                    "attributeGroup":null,
                    "attributeLookupList":null,
                    "required":true
                 },
                 {  
                    "id":13,
                    "creationUser":null,
                    "creationDate":null,
                    "lastModifiedUser":null,
                    "lastModifiedDate":null,
                    "attributeName":"taskReassigned",
                    "attributeDisplayName":"Notify me when a Task is Reassigned",
                    "attributeType":"RADIOBOX",
                    "attributeGroup":null,
                    "attributeLookupList":null,
                    "required":true
                 },
                 {  
                    "id":14,
                    "creationUser":null,
                    "creationDate":null,
                    "lastModifiedUser":null,
                    "lastModifiedDate":null,
                    "attributeName":"taskDuedateChanged",
                    "attributeDisplayName":"Notify me when the Due Date is Changed",
                    "attributeType":"RADIOBOX",
                    "attributeGroup":null,
                    "attributeLookupList":null,
                    "required":true
                 },
                 {  
                    "id":15,
                    "creationUser":null,
                    "creationDate":null,
                    "lastModifiedUser":null,
                    "lastModifiedDate":null,
                    "attributeName":"taskCompleted",
                    "attributeDisplayName":"Notify me when a Task is Complete",
                    "attributeType":"RADIOBOX",
                    "attributeGroup":null,
                    "attributeLookupList":null,
                    "required":true
                 }
              ],
              "parentAttributes":null,
              "subAttributes":null
           },
           {  
              "id":114,
              "creationUser":null,
              "creationDate":null,
              "lastModifiedUser":null,
              "lastModifiedDate":null,
              "attributeGroupName":"Settings for Tasks that I am assigned:",
              "attributes":[  
                 {  
                    "id":16,
                    "creationUser":null,
                    "creationDate":null,
                    "lastModifiedUser":null,
                    "lastModifiedDate":null,
                    "attributeName":"taskRemaindMyTasks",
                    "attributeDisplayName":"Send Task Reminders on Tasks that I am assigned",
                    "attributeType":"RADIOBOX",
                    "attributeGroup":null,
                    "attributeLookupList":null,
                    "required":true
                 }
              ],
              "parentAttributes":null,
              "subAttributes":null
           }
        ]
     },
     {  
        "id":0,
        "creationUser":null,
        "creationDate":null,
        "lastModifiedUser":null,
        "lastModifiedDate":null,
        "sectionName":"Alert Notifications",
        "attributeList":[  
           {  
              "id":19,
              "creationUser":null,
              "creationDate":null,
              "lastModifiedUser":null,
              "lastModifiedDate":null,
              "attributeName":"alertNotifyByMail",
              "attributeDisplayName":"Send my Alert Notifications to me through email",
              "attributeType":"RADIOBOX",
              "attributeGroup":null,
              "attributeLookupList":null,
              "required":false
           }
        ],
       "attributeGroupList":[]
     },
     {  
        "id":0,
        "creationUser":null,
        "creationDate":null,
        "lastModifiedUser":null,
        "lastModifiedDate":null,
        "sectionName":"Discussion Notifications",
        "attributeList":[  
           {  
              "id":20,
              "creationUser":null,
              "creationDate":null,
              "lastModifiedUser":null,
              "lastModifiedDate":null,
              "attributeName":"discussionNotifyByMail",
              "attributeDisplayName":"Send my Discussion Notifications to me through email",
              "attributeType":"RADIOBOX",
              "attributeGroup":null,
              "attributeLookupList":null,
              "required":false
           }
        ],
       "attributeGroupList":[]
     },
     {  
        "id":0,
        "creationUser":null,
        "creationDate":null,
        "lastModifiedUser":null,
        "lastModifiedDate":null,
        "sectionName":"Document Notifications",
        "attributeList":[  
           {  
              "id":21,
              "creationUser":null,
              "creationDate":null,
              "lastModifiedUser":null,
              "lastModifiedDate":null,
              "attributeName":"documentNotifyByMail",
              "attributeDisplayName":"Send my Document Notifications to me through email",
              "attributeType":"RADIOBOX",
              "attributeGroup":null,
              "attributeLookupList":null,
              "required":false
           }
        ],
       "attributeGroupList":[]
     },
     {  
        "id":0,
        "creationUser":null,
        "creationDate":null,
        "lastModifiedUser":null,
        "lastModifiedDate":null,
        "sectionName":"Other Preferences",
        "attributeList":[],
       "attributeGroupList":[]
     },
     {  
        "id":0,
        "creationUser":null,
        "creationDate":null,
        "lastModifiedUser":null,
        "lastModifiedDate":null,
        "sectionName":"Divisions",
        "attributeList":[],
       "attributeGroupList":[]
     },
     {  
        "id":0,
        "creationUser":null,
        "creationDate":null,
        "lastModifiedUser":null,
        "lastModifiedDate":null,
        "sectionName":"Custom Groups",
        "attributeList":[],
       "attributeGroupList":[]
     }
  ],
  "values":{  
     "id":48,
     "user":{  
        "id":50,
        "orgUserId":"None",
        "company":null,
        "firstName":"83",
        "lastName":"last1",
        "emailAddress":"middle@rcomext.com",
        "statusInd":false
     },
     "taskNotifyByMail":true,
     "taskOverdue":true,
     "taskReassigned":true,
     "taskDuedateChanged":true,
     "taskCompleted":true,
     "taskRemaindMyTasks":true,
     "taskNotifyBeforeNoDays":0,
     "taskFollowupFrequency":0,
     "alertNotifyByMail":false,
     "discussionNotifyByMail":false,
     "documentNotifyByMail":false
  }
}