[{
    "id": 15,
    "orgUserId": "11",
    "company": {
                    "name": "aabbcc",
                    "id": 220,
                    "internalInd": false,
                    "marketName": "swessre",
                    "activeInd": false
    },
    "firstName": "fff",
    "lastName": "fff",
    "emailAddress": "fff"
}, {
    "id": 88,
    "orgUserId": "ddd2",
    "company": {
                    "name": "ddeecc",
                    "id": 220,
                    "internalInd": false,
                    "marketName": "swessre",
                    "activeInd": false
    },
    "firstName": "duppati2",
    "lastName": "devi2",
    "emailAddress": "devi.george2.gmail.com"
}]
