{
    "properties": [{
                    "id": 6,
                    "creationUser": null,
                    "creationDate": null,
                    "lastModifiedUser": null,
                    "lastModifiedDate": null,
                    "attributeName": "firstName",
                    "attributeDisplayName": "First Name",
                    "attributeType": "TEXTBOX",
                    "value": "First Name",
                    "attributeGroup": {
                                    "id": 112,
                                    "creationUser": null,
                                    "creationDate": null,
                                    "lastModifiedUser": null,
                                    "lastModifiedDate": null,
                                    "attributeGroupName": "User"
                    },
                    "required": true
    }, {
                    "id": 7,
                    "creationUser": null,
                    "creationDate": null,
                    "lastModifiedUser": null,
                    "lastModifiedDate": null,
                    "attributeName": "lastName",
                    "attributeDisplayName": "Last Name",
                    "attributeType": "TEXTBOX",
                    "value": "Last Name",
                    "attributeGroup": {
                                    "id": 112,
                                    "creationUser": null,
                                    "creationDate": null,
                                    "lastModifiedUser": null,
                                    "lastModifiedDate": null,
                                    "attributeGroupName": "User"
                    },
                    "required": true
    }, {
                    "id": 8,
                    "creationUser": null,
                    "creationDate": null,
                    "lastModifiedUser": null,
                    "lastModifiedDate": null,
                    "attributeName": "emailAddress",
                    "attributeDisplayName": "Email Address",
                    "attributeType": "TEXTBOX",
                    "value": "Email Address",
                    "attributeGroup": {
                                    "id": 112,
                                    "creationUser": null,
                                    "creationDate": null,
                                    "lastModifiedUser": null,
                                    "lastModifiedDate": null,
                                    "attributeGroupName": "User"
                    },
                    "required": true
    }, {
                    "id": 9,
                    "creationUser": null,
                    "creationDate": null,
                    "lastModifiedUser": null,
                    "lastModifiedDate": null,
                    "attributeName": "personalAccessCode",
                    "attributeDisplayName": "Personal Access Code",
                    "attributeType": "TEXTBOX",
                    "value": "Personal Access Code",
                    "attributeGroup": {
                                    "id": 112,
                                    "creationUser": null,
                                    "creationDate": null,
                                    "lastModifiedUser": null,
                                    "lastModifiedDate": null,
                                    "attributeGroupName": "User"
                    },
                    "required": true
    }, {
                    "id": 10,
                    "creationUser": null,
                    "creationDate": null,
                    "lastModifiedUser": null,
                    "lastModifiedDate": null,
                    "attributeName": "orgUserId",
                    "attributeDisplayName": "SwissRe User Id",
                    "attributeType": "TEXTBOX",
                    "value": "SwissRe User Id",
                    "attributeGroup": {
                                    "id": 112,
                                    "creationUser": null,
                                    "creationDate": null,
                                    "lastModifiedUser": null,
                                    "lastModifiedDate": null,
                                    "attributeGroupName": "User"
                    },
                    "required": true
    }]
}


