
	{
		"tableHeader": 
		[{
			"dbColumnName": "DOCUMENT_NAME",
			"name": "Document Name",
			"isEditForTable": "false",
			"type": "CLICKABLECOLUMN",
			"isGroupingAllowed": "true"
		},
		{
			"dbColumnName": "DOC_ID",
			"name": "Document ID",
			"isEditForTable": "false",
			"type": "TEXT_BOX",
			"isGroupingAllowed": "'false'"
		},
		{
			"dbColumnName": "CREATED_BY",
			"name": "Owner",
			"isEditForTable": "false",
			"type": "DATE",
			"isGroupingAllowed": "True"
		},
		{
			"dbColumnName": "DOCUMENT_VERSION",
			"name": "Document Version",
			"isEditForTable": "false",
			"type": "TEXT_BOX",
			"isGroupingAllowed": "True"
		},
		{
			"dbColumnName": "DOCUMENT_DATE",
			"name": "Document Date",
			"isEditForTable": "false",
			"type": "DATE",
			"isGroupingAllowed": "True"
		},
		{
			"dbColumnName": "CREATED_TS",
			"name": "Created TS",
			"isEditForTable": "false",
			"type": "DATE",
			"isGroupingAllowed": "True"
		},
		{
			"dbColumnName": "SOURCE",
			"name": "Source",
			"isEditForTable": "false",
			"type": "TEXT_BOX",
			"isGroupingAllowed": "True"
		},
		{
			"dbColumnName": "MODIFIED_BY",
			"name": "Modified By",
			"isEditForTable": "false",
			"type": "TEXT_BOX",
			"isGroupingAllowed": "True"
		},
		{
			"dbColumnName": "MODIFIED_TS",
			"name": "Modified TS",
			"isEditForTable": "false",
			"type": "TEXT_BOX",
			"isGroupingAllowed": "True"
		}


	]
}